{
  "entities": [],
  "generator-jhipster": {
    "appConfigs": [
      {
        "applicationType": "gateway",
        "authenticationType": "no",
        "baseName": "deploy",
        "blueprint": ["react"],
        "buildTool": "maven",
        "cacheProvider": "no",
        "clientFramework": "react",
        "clientTheme": "none",
        "clientThemeVariant": "",
        "communicationsList": [],
        "databaseType": "no",
        "dtoSuffix": "DTO",
        "enableGradleEnterprise": false,
        "enableHibernateCache": false,
        "enableSwaggerCodegen": false,
        "enableTranslation": true,
        "entitySuffix": "",
        "gradleEnterpriseHost": "",
        "jhiPrefix": "jhi",
        "languages": [],
        "logManagementType": "no",
        "messageBroker": "no",
        "nativeLanguage": "en",
        "packageFolder": "ui",
        "packageName": "ui",
        "prodDatabaseType": "no",
        "reactive": true,
        "searchEngine": "no",
        "serverPort": "9008",
        "serviceDiscoveryType": "no",
        "skipUserManagement": false,
        "testFrameworks": [],
        "websocket": "no",
        "withAdminUi": true,
        "withExample": false
      },
      {
        "appsFolders": ["deploy"],
        "clusteredDbApps": [],
        "deploymentType": "kubernetes",
        "directoryPath": "../",
        "dockerPushCommand": "docker push",
        "dockerRepositoryName": "lokeshkarakala",
        "ingressDomain": "",
        "istio": false,
        "kubernetesNamespace": "deploy",
        "kubernetesServiceType": "LoadBalancer",
        "kubernetesStorageClassName": "",
        "kubernetesStorageProvisioner": "",
        "kubernetesUseDynamicStorage": true,
        "monitoring": "no",
        "serviceDiscoveryType": "no"
      }
    ],
    "applicationIndex": 0,
    "applicationType": "gateway",
    "authenticationType": "no",
    "baseName": "deploy",
    "blueprint": ["react"],
    "blueprints": [
      {
        "name": "generator-jhipster-react",
        "version": "0.0.8"
      }
    ],
    "buildTool": "maven",
    "cacheProvider": "no",
    "clientFramework": "react",
    "clientTheme": "none",
    "clientThemeVariant": "",
    "commConfigs": [],
    "communicationsList": [],
    "creationTimestamp": 1703583268456,
    "databaseType": "no",
    "devDatabaseType": "no",
    "devServerPort": 9060,
    "dtoSuffix": "DTO",
    "enableGradleEnterprise": false,
    "enableHibernateCache": false,
    "enableSwaggerCodegen": false,
    "enableTranslation": true,
    "entities": [],
    "entitySuffix": "",
    "gradleEnterpriseHost": "",
    "jhiPrefix": "jhi",
    "jhipsterVersion": "7.10.0",
    "jwtSecretKey": "YTZlOWY0YjQ0NzVkMmQ2N2ZiYTQwOTNiYjk3OGEwOTUwZTJjYjY4ZGY0YmJjZDk2MTg0YjgwNmQxYmRjMTM2NGVmNzE5MGQ4MTc2ZGMzYmI3NjI5ZjE5ZWZjYjNiNDlhMzRmN2ZkZjUwY2I4OGIyZGY4ZDk3MjgzYjM1ZjI4NzE=",
    "languages": ["en"],
    "logManagementType": "no",
    "messageBroker": "no",
    "minikube": true,
    "monorepository": true,
    "nativeLanguage": "en",
    "packageFolder": "ui",
    "packageName": "ui",
    "pages": [],
    "prodDatabaseType": "no",
    "reactive": true,
    "searchEngine": "no",
    "serverPort": "9008",
    "serviceDiscoveryType": "no",
    "skipCheckLengthOfIdentifier": false,
    "skipClient": false,
    "skipCommitHook": true,
    "skipFakeData": false,
    "skipJhipsterDependencies": true,
    "skipUserManagement": true,
    "testFrameworks": [],
    "websocket": "no",
    "withAdminUi": true,
    "withExample": false
  }
}
